ID,Name,Photourl
124897,Javis David,https://placekitten.com/400/400
471029794,Joan Fields,https://randomuser.me/api/portraits/women/73.jpg
226369122,Sebastian Reyes,https://randomuser.me/api/portraits/men/57.jpg
133334805,Sophie Bryant,https://randomuser.me/api/portraits/women/15.jpg
606606018,Doris Hall,https://randomuser.me/api/portraits/women/2.jpg
774136315,Mike Mitchell,https://randomuser.me/api/portraits/men/75.jpg
236901482,Joann Howell,https://randomuser.me/api/portraits/women/75.jpg
336710043,Jack Schmidt,https://randomuser.me/api/portraits/men/8.jpg
474219407,Sebastian Gilbert,https://randomuser.me/api/portraits/men/67.jpg
515786659,Soham Campbell,https://randomuser.me/api/portraits/men/93.jpg
236753337,Avery Chambers,https://randomuser.me/api/portraits/women/31.jpg
